Game_ID,Date,Status,Away_Team,Away_Score,Away_Diff,Home_Team,Home_Score,Home_Diff,Away_ML,Home_ML,Start_ET
401907973,2026-10-01,10/1 - 8:00 PM EDT,Philadelphia Phillies,0,0.09,Atlanta Braves,0,0.72,-,-,8:00 PM
401907972,2026-09-30,Final/10,Philadelphia Phillies,4,0.09,Atlanta Braves,3,0.72,-117,-103,2:00 PM
401907897,2026-09-30,Final,Chicago White Sox,7,0.35,Houston Astros,3,-0.2,128,-154,5:00 PM
401907963,2026-09-30,Final,Boston Red Sox,2,0.48,New York Yankees,9,0.86,113,-137,8:00 PM
401907975,2026-09-30,Final,Chicago Cubs,1,0.91,San Diego Padres,4,0.25,123,-149,10:00 PM
401907965,2026-09-29,Final,Philadelphia Phillies,3,0.09,Atlanta Braves,5,0.72,158,-192,2:00 PM
401907896,2026-09-29,Final,Chicago White Sox,6,0.35,Houston Astros,3,-0.2,102,-123,5:00 PM
401907924,2026-09-29,Final,Boston Red Sox,0,0.48,New York Yankees,9,0.86,109,-131,8:00 PM
401907974,2026-09-29,Final,Chicago Cubs,0,0.91,San Diego Padres,8,0.25,108,-130,10:00 PM
401817103,2026-09-27,Canceled,Baltimore Orioles,0,-0.13,New York Yankees,0,0.86,-,-,1:05 PM
401817106,2026-09-27,Final,New York Mets,4,-0.2,Washington Nationals,6,0.04,-112,-108,1:05 PM
401817089,2026-09-27,Final,Chicago Cubs,6,0.91,Boston Red Sox,2,0.48,-120,-101,3:05 PM
401817108,2026-09-27,Final,Tampa Bay Rays,3,0.53,Philadelphia Phillies,7,0.09,169,-207,2:30 PM
401817115,2026-09-27,Final,Houston Astros,9,-0.2,Athletics,0,-1.47,-199,163,3:05 PM
401817116,2026-09-27,Final/10,Los Angeles Dodgers,5,1.24,San Francisco Giants,1,-0.56,-249,201,3:05 PM
401817105,2026-09-27,Final,Cincinnati Reds,1,-0.99,Toronto Blue Jays,5,-0.28,141,-171,3:07 PM
401817102,2026-09-27,Final,Atlanta Braves,3,0.72,Miami Marlins,5,0.02,105,-126,3:10 PM
401817107,2026-09-27,Final,Pittsburgh Pirates,4,0.17,Detroit Tigers,2,0.44,101,-122,3:10 PM
401817109,2026-09-27,Final,Cleveland Guardians,2,0.07,Kansas City Royals,3,-0.74,-109,-111,3:10 PM
401817110,2026-09-27,Final,Colorado Rockies,2,-1.19,Chicago White Sox,4,0.35,135,-163,3:10 PM
401817111,2026-09-27,Final,St. Louis Cardinals,4,-0.18,Milwaukee Brewers,6,1.32,178,-218,3:10 PM
401817112,2026-09-27,Final,Texas Rangers,4,-0.28,Minnesota Twins,6,-0.36,-115,-105,3:10 PM
401817113,2026-09-27,Final,Los Angeles Angels,3,-0.6,Seattle Mariners,7,-0.36,137,-166,3:10 PM
401817114,2026-09-27,Final,Arizona Diamondbacks,4,0.06,San Diego Padres,9,0.25,-156,129,3:10 PM
401817099,2026-09-26,Final,Arizona Diamondbacks,7,0.06,San Diego Padres,10,0.25,104,-125,8:40 PM
401817098,2026-09-26,Final,Los Angeles Angels,4,-0.6,Seattle Mariners,8,-0.36,134,-163,9:40 PM
401817100,2026-09-26,Final,Houston Astros,13,-0.2,Athletics,2,-1.47,-170,140,9:40 PM
401817091,2026-09-26,Final,New York Mets,7,-0.2,Washington Nationals,1,0.04,-109,-110,12:35 PM
401817092,2026-09-26,Final,Pittsburgh Pirates,3,0.17,Detroit Tigers,4,0.44,-101,-120,1:10 PM
401817090,2026-09-26,Final,Cincinnati Reds,5,-0.99,Toronto Blue Jays,1,-0.28,139,-168,3:07 PM
401817101,2026-09-26,Final,Los Angeles Dodgers,4,1.24,San Francisco Giants,3,-0.56,-292,233,4:05 PM
401817087,2026-09-26,Final,Atlanta Braves,8,0.72,Miami Marlins,3,0.02,-118,-102,4:10 PM
401817097,2026-09-26,Final,Texas Rangers,6,-0.28,Minnesota Twins,2,-0.36,-125,104,4:10 PM
401817094,2026-09-26,Final,Cleveland Guardians,11,0.07,Kansas City Royals,5,-0.74,-112,-108,7:10 PM
401817095,2026-09-26,Final,Colorado Rockies,9,-1.19,Chicago White Sox,6,0.35,211,-262,7:10 PM
401817096,2026-09-26,Final,St. Louis Cardinals,2,-0.18,Milwaukee Brewers,3,1.32,134,-163,7:10 PM
401817093,2026-09-26,Final,Tampa Bay Rays,12,0.53,Philadelphia Phillies,1,0.09,108,-130,7:15 PM
401817082,2026-09-25,Final,Texas Rangers,2,-0.28,Minnesota Twins,10,-0.36,-126,105,8:10 PM
401817084,2026-09-25,Final,Arizona Diamondbacks,11,0.06,San Diego Padres,4,0.25,-115,-105,9:40 PM
401817085,2026-09-25,Final,Houston Astros,5,-0.2,Athletics,6,-1.47,-203,166,9:40 PM
401817083,2026-09-25,Final,Los Angeles Angels,7,-0.6,Seattle Mariners,5,-0.36,-105,-115,10:10 PM
401817086,2026-09-25,Final,Los Angeles Dodgers,2,1.24,San Francisco Giants,0,-0.56,-337,264,10:15 PM
401817104,2026-09-25,Final,Chicago Cubs,3,0.91,Boston Red Sox,4,0.48,-123,102,1:05 PM
401817088,2026-09-25,Final,Baltimore Orioles,10,-0.13,New York Yankees,2,0.86,-113,-106,4:05 PM
401817074,2026-09-25,Final,Chicago Cubs,0,0.91,Boston Red Sox,2,0.48,-120,-101,5:30 PM
401817077,2026-09-25,Final,Pittsburgh Pirates,7,0.17,Detroit Tigers,8,0.44,100,-121,6:40 PM
401817078,2026-09-25,Final,Tampa Bay Rays,2,0.53,Philadelphia Phillies,0,0.09,152,-184,6:40 PM
401817076,2026-09-25,Final,New York Mets,6,-0.2,Washington Nationals,7,0.04,-108,-112,6:45 PM
401817073,2026-09-25,Final,Baltimore Orioles,3,-0.13,New York Yankees,6,0.86,-102,-118,7:30 PM
401817075,2026-09-25,Final,Cincinnati Reds,5,-0.99,Toronto Blue Jays,6,-0.28,143,-174,7:07 PM
401817072,2026-09-25,Final,Atlanta Braves,0,0.72,Miami Marlins,3,0.02,-115,-105,7:10 PM
401817079,2026-09-25,Final,Cleveland Guardians,12,0.07,Kansas City Royals,9,-0.74,-148,122,7:40 PM
401817080,2026-09-25,Final,Colorado Rockies,1,-1.19,Chicago White Sox,6,0.35,200,-247,7:40 PM
401817081,2026-09-25,Final,St. Louis Cardinals,4,-0.18,Milwaukee Brewers,8,1.32,158,-193,7:40 PM
401817069,2026-09-24,Final,Los Angeles Angels,6,-0.58,Seattle Mariners,4,-0.39,163,-198,9:40 PM
401817070,2026-09-24,Final,Houston Astros,7,-0.25,Athletics,5,-1.42,-180,148,9:40 PM
401817071,2026-09-24,Final,San Diego Padres,4,0.22,Los Angeles Dodgers,2,1.22,144,-175,10:10 PM
401817063,2026-09-24,Final,St. Louis Cardinals,1,-0.17,Pittsburgh Pirates,2,0.16,138,-167,12:35 PM
401817065,2026-09-24,Final,Chicago White Sox,9,0.34,Kansas City Royals,1,-0.75,-142,118,2:10 PM
401817066,2026-09-24,Final,Miami Marlins,1,0.01,Chicago Cubs,2,0.89,184,-226,2:20 PM
401817067,2026-09-24,Final,New York Mets,1,-0.19,Texas Rangers,3,-0.27,110,-132,2:35 PM
401817068,2026-09-24,Final,Arizona Diamondbacks,12,0.09,Colorado Rockies,8,-1.18,-196,161,3:10 PM
401817062,2026-09-24,Final,Milwaukee Brewers,5,1.32,Philadelphia Phillies,1,0.07,109,-131,6:05 PM
401817061,2026-09-24,Final,Cleveland Guardians,1,0.07,Boston Red Sox,0,0.51,106,-127,6:45 PM
401817064,2026-09-24,Final,Tampa Bay Rays,4,0.56,New York Yankees,6,0.86,123,-149,7:05 PM
401817060,2026-09-24,Final,Cincinnati Reds,7,-0.97,Atlanta Braves,6,0.73,194,-239,7:15 PM
401817051,2026-09-23,Final,Washington Nationals,4,0.06,Detroit Tigers,2,0.45,136,-165,1:10 PM
401923610,2026-09-23,Final,Toronto Blue Jays,2,-0.29,Baltimore Orioles,4,-0.13,106,-127,1:35 PM
401817058,2026-09-23,Final,Minnesota Twins,4,-0.35,San Francisco Giants,2,-0.54,-155,129,3:45 PM
401817050,2026-09-23,Final,Toronto Blue Jays,2,-0.29,Baltimore Orioles,4,-0.13,102,-123,6:35 PM
401817047,2026-09-23,Final,Milwaukee Brewers,4,1.32,Philadelphia Phillies,1,0.14,-126,104,6:40 PM
401817048,2026-09-23,Final,St. Louis Cardinals,5,-0.16,Pittsburgh Pirates,1,0.17,114,-138,6:40 PM
401817046,2026-09-23,Final,Cleveland Guardians,0,0.04,Boston Red Sox,1,0.51,118,-143,7:00 PM
401817049,2026-09-23,Final,Tampa Bay Rays,2,0.49,New York Yankees,9,0.86,118,-143,7:05 PM
401817045,2026-09-23,Final/10,Cincinnati Reds,2,-1.0,Atlanta Braves,3,0.71,223,-279,7:15 PM
401817052,2026-09-23,Final,Chicago White Sox,4,0.36,Kansas City Royals,5,-0.72,-122,101,7:40 PM
401817053,2026-09-23,Final,Miami Marlins,3,0.04,Chicago Cubs,2,0.89,159,-194,7:40 PM
401817054,2026-09-23,Final,New York Mets,7,-0.23,Texas Rangers,2,-0.3,-113,-107,8:05 PM
401817055,2026-09-23,Final,Arizona Diamondbacks,5,0.11,Colorado Rockies,3,-1.21,-168,139,8:40 PM
401817056,2026-09-23,Final,Los Angeles Angels,3,-0.56,Athletics,7,-1.36,-142,118,9:40 PM
401817057,2026-09-23,Final/10,Houston Astros,5,-0.33,Seattle Mariners,6,-0.41,108,-130,10:00 PM
401817059,2026-09-23,Final,San Diego Padres,5,0.21,Los Angeles Dodgers,1,1.23,194,-239,10:10 PM
